#,Parameters for agent based model implementation of Granich et al. model,,,,,,,,,,,,,,,,,,,,,,
INITIAL_AGE,,15,,,,,,,,,,,,,,,,,,,,,
BETA,^1,1.1,,,,,,,,,,,,,,,,,,,,,
BETA_STDEV,&1,0.1,,,,,,,,,,,,,,,,,,,,,
PREVALENCE,,0.15,,,,,,,,,,,,,,,,,,,,,
,,,,,,,,,,,,,,,,,,,,,,,
,,,,,,,,,,,,,,,,,,,,,,,
#,,,10,,,,,,,,,,,,,,,,,,,,
#,,,2010,2011,2012,2013,2014,2015,2016,2017,2018,2019,2020,2021,2022,2023,2024,2025,2026,2027,2028,2029,2030
#,,,100,110,121,133.1,146.41,161.051,177.1561,194.87171,214.358881,235.7947691,259.37424601,285.311670611,313.8428376721,345.2271214393,379.7498335832,417.7248169416,459.4972986357,505.4470284993,555.9917313492,611.5909044841,672.7499949326
#,,,1.0488088482,104.880884817,110,,,,,,,,,,,,,,,,,,
#,,,,,,,,,,,,,,,,,,,,,,,
